,sample-set,u-kj,sigma-kj,SEM-kj,w-kj,A-kj,B-kj,u-kj-star,SEM-kj-star,w-kj-star,A-kj-star,B-kj-star
0,10,1.2,0.4,0.126,0.49391999999999997,-0.2479,0.2479,1.2,0.127,0.5,-0.2,0.3
1,10,1.1242640687119283,0.18981650034520206,0.06,0.2352,-0.1176,0.1176,1.124,0.06,0.25,-0.12,0.12
2,10,1.2,0.4,0.126,0.49391999999999997,-0.2479,0.2479,1.199,0.126,0.5,-0.2,0.3
3,10,1.4560477932315066,0.42417546348847124,0.134,0.52528,-0.2629,0.2629,1.458,0.135,0.52,-0.26,0.27
4,10,1.2,0.4,0.126,0.49391999999999997,-0.2479,0.2479,1.201,0.126,0.5,-0.2,0.3
5,10,1.3560477932315067,0.40141547363294394,0.127,0.49784,-0.2488,0.2488,1.356,0.126,0.49,-0.23,0.26
6,10,1.1828427124746193,0.31762102818561266,0.1,0.392,-0.1969,0.1969,1.182,0.101,0.4,-0.18,0.22
7,10,1.6,0.66332495807108,0.21,0.8231999999999999,-0.4111,0.4111,1.599,0.21,0.8,-0.4,0.4
8,10,1.3,0.6403124237432849,0.202,0.79184,-0.3969,0.3969,1.299,0.203,0.8,-0.3,0.5
9,10,1.4414213562373095,0.6498495778124314,0.206,0.8075199999999999,-0.4028,0.4028,1.442,0.206,0.8,-0.34,0.46
10,10,1.1414213562373097,0.3117006376724003,0.099,0.38808000000000004,-0.1932,0.1932,1.141,0.098,0.34,-0.14,0.2
11,10,1.3414213562373096,0.6329208047066057,0.2,0.784,-0.3923,0.3923,1.337,0.198,0.78,-0.34,0.45
12,10,2.1360106382135746,2.1065276056673063,0.666,2.61072,-1.3056,1.3056,2.14,0.67,2.51,-1.02,1.49
13,10,1.3,0.45825756949558394,0.145,0.5683999999999999,-0.284,0.284,1.301,0.146,0.6,-0.3,0.3
14,10,1.1,0.3,0.095,0.3724,-0.1859,0.1859,1.1,0.094,0.3,-0.1,0.2
15,10,1.3,0.45825756949558405,0.145,0.5683999999999999,-0.284,0.284,1.299,0.146,0.6,-0.3,0.3
16,10,1.1,0.3,0.095,0.3724,-0.1859,0.1859,1.098,0.094,0.3,-0.1,0.2
17,10,1.182842712474619,0.3176210281856127,0.1,0.392,-0.1969,0.1969,1.182,0.101,0.4,-0.18,0.22
18,10,1.3242640687119285,0.5884935652312,0.186,0.72912,-0.3648,0.3648,1.324,0.185,0.68,-0.28,0.4
19,10,1.0,0.0,0.0,0.0,-0.0,0.0,1.0,0.0,0.0,0.0,0.0
20,10,1.482842712474619,0.6333857355994957,0.2,0.784,-0.3926,0.3926,1.486,0.199,0.77,-0.34,0.42
21,10,1.4,0.66332495807108,0.21,0.8231999999999999,-0.4111,0.4111,1.399,0.21,0.8,-0.4,0.4
22,10,1.082842712474619,0.16568542494923807,0.052,0.20384,-0.1027,0.1027,1.083,0.052,0.21,-0.08,0.12
23,10,1.3414213562373096,0.6329208047066057,0.2,0.784,-0.3923,0.3923,1.34,0.199,0.78,-0.34,0.44
24,10,1.8538251967009054,2.1126599679259432,0.668,2.61856,-1.3094,1.3094,1.852,0.671,2.32,-0.85,1.47
25,10,1.082842712474619,0.16568542494923807,0.052,0.20384,-0.1027,0.1027,1.083,0.053,0.21,-0.08,0.12
26,10,1.4974691494688162,0.5979850720453983,0.189,0.74088,-0.3706,0.3706,1.499,0.189,0.73,-0.32,0.42
27,10,1.1,0.3,0.095,0.3724,-0.1859,0.1859,1.101,0.096,0.3,-0.1,0.2
28,10,1.1414213562373097,0.3117006376724003,0.099,0.38808000000000004,-0.1932,0.1932,1.143,0.099,0.34,-0.14,0.2
29,10,1.1,0.3,0.095,0.3724,-0.1859,0.1859,1.101,0.096,0.3,-0.1,0.2
30,10,1.5,0.6708203932499369,0.212,0.83104,-0.4158,0.4158,1.501,0.213,0.8,-0.4,0.4
31,10,1.2,0.4,0.126,0.49391999999999997,-0.2479,0.2479,1.199,0.127,0.5,-0.2,0.3
32,10,2.053825196700905,2.1170267030428516,0.669,2.62248,-1.3121,1.3121,2.042,0.665,2.46,-0.96,1.5
33,10,1.2414213562373095,0.3985887809232958,0.126,0.49391999999999997,-0.247,0.247,1.241,0.126,0.5,-0.24,0.26
34,10,1.3414213562373096,0.6329208047066057,0.2,0.784,-0.3923,0.3923,1.343,0.2,0.78,-0.34,0.44
35,10,1.3828427124746192,0.4332967026828593,0.137,0.5370400000000001,-0.2686,0.2686,1.381,0.138,0.55,-0.26,0.28
36,10,1.1414213562373097,0.31170063767240036,0.099,0.38808000000000004,-0.1932,0.1932,1.142,0.099,0.37,-0.14,0.22
37,10,1.5,0.806225774829855,0.255,0.9996,-0.4997,0.4997,1.499,0.253,1.0,-0.5,0.5
38,10,1.482842712474619,0.6333857355994957,0.2,0.784,-0.3926,0.3926,1.482,0.2,0.76,-0.34,0.42
39,10,1.2,0.4,0.126,0.49391999999999997,-0.2479,0.2479,1.198,0.126,0.5,-0.2,0.3
40,10,1.1828427124746193,0.3176210281856127,0.1,0.392,-0.1969,0.1969,1.183,0.101,0.4,-0.18,0.22
41,10,1.3414213562373096,0.4478713487492331,0.142,0.5566399999999999,-0.2776,0.2776,1.342,0.14,0.54,-0.24,0.3
42,10,1.2414213562373095,0.3985887809232958,0.126,0.49391999999999997,-0.247,0.247,1.244,0.127,0.5,-0.24,0.26
43,10,1.3828427124746192,0.622692566645723,0.197,0.77224,-0.3859,0.3859,1.381,0.199,0.78,-0.34,0.44
44,10,1.514626436994197,0.7784001261293981,0.246,0.96432,-0.4825,0.4825,1.514,0.248,0.97,-0.44,0.53
45,10,1.3414213562373096,0.4478713487492331,0.142,0.5566399999999999,-0.2776,0.2776,1.341,0.141,0.54,-0.24,0.3
46,10,1.1,0.3,0.095,0.3724,-0.1859,0.1859,1.1,0.095,0.3,-0.1,0.2
47,10,1.1,0.3,0.095,0.3724,-0.1859,0.1859,1.1,0.096,0.3,-0.1,0.2
48,10,1.1,0.3,0.095,0.3724,-0.1859,0.1859,1.099,0.095,0.3,-0.1,0.2
49,10,1.1,0.3,0.095,0.3724,-0.1859,0.1859,1.1,0.095,0.3,-0.1,0.2
50,10,1.1828427124746193,0.31762102818561266,0.1,0.392,-0.1969,0.1969,1.182,0.1,0.4,-0.18,0.22
51,10,1.8538251967009054,2.1126599679259437,0.668,2.61856,-1.3094,1.3094,1.864,0.668,2.32,-0.86,1.46
52,10,1.2828427124746191,0.392828938662571,0.124,0.48608,-0.2435,0.2435,1.283,0.125,0.5,-0.24,0.26
53,10,1.1414213562373097,0.31170063767240036,0.099,0.38808000000000004,-0.1932,0.1932,1.142,0.099,0.37,-0.14,0.22
54,10,1.2414213562373095,0.3985887809232958,0.126,0.49391999999999997,-0.247,0.247,1.243,0.125,0.5,-0.24,0.26
55,10,1.3,0.6403124237432849,0.202,0.79184,-0.3969,0.3969,1.297,0.201,0.7,-0.3,0.4
56,10,1.1,0.3,0.095,0.3724,-0.1859,0.1859,1.101,0.095,0.3,-0.1,0.2
57,10,1.0,0.0,0.0,0.0,-0.0,0.0,1.0,0.0,0.0,0.0,0.0
58,10,1.0414213562373096,0.12426406871192855,0.039,0.15288,-0.077,0.077,1.042,0.04,0.12,-0.04,0.08
59,10,1.3,0.45825756949558394,0.145,0.5683999999999999,-0.284,0.284,1.299,0.145,0.6,-0.3,0.3
60,10,1.3414213562373096,0.6329208047066056,0.2,0.784,-0.3923,0.3923,1.341,0.198,0.8,-0.34,0.46
61,10,1.3414213562373096,0.4478713487492331,0.142,0.5566399999999999,-0.2776,0.2776,1.341,0.141,0.54,-0.24,0.3
62,10,1.0,0.0,0.0,0.0,-0.0,0.0,1.0,0.0,0.0,0.0,0.0
63,10,1.082842712474619,0.16568542494923807,0.052,0.20384,-0.1027,0.1027,1.083,0.052,0.21,-0.08,0.12
64,10,1.2,0.4,0.126,0.49391999999999997,-0.2479,0.2479,1.198,0.126,0.5,-0.2,0.3
65,10,1.0,0.0,0.0,0.0,-0.0,0.0,1.0,0.0,0.0,0.0,0.0
66,10,1.3414213562373096,0.6329208047066057,0.2,0.784,-0.3923,0.3923,1.339,0.199,0.8,-0.34,0.46
67,10,1.2414213562373095,0.3985887809232958,0.126,0.49391999999999997,-0.247,0.247,1.242,0.127,0.5,-0.24,0.26
68,10,1.0,0.0,0.0,0.0,-0.0,0.0,1.0,0.0,0.0,0.0,0.0
69,10,1.5,0.6708203932499369,0.212,0.83104,-0.4158,0.4158,1.5,0.213,0.8,-0.4,0.4
70,10,1.1650281539872887,0.3777689775735574,0.119,0.46647999999999995,-0.2341,0.2341,1.167,0.121,0.41,-0.17,0.25
71,10,1.1414213562373097,0.3117006376724003,0.099,0.38808000000000004,-0.1932,0.1932,1.141,0.098,0.37,-0.14,0.22
72,10,1.3146264369941973,0.41443616053131993,0.131,0.51352,-0.2569,0.2569,1.313,0.13,0.52,-0.24,0.27
73,10,1.323606797749979,0.4980612863393884,0.158,0.61936,-0.3087,0.3087,1.322,0.157,0.65,-0.32,0.32
74,10,1.182842712474619,0.3176210281856128,0.1,0.392,-0.1969,0.1969,1.182,0.1,0.4,-0.18,0.22
75,10,1.1,0.3,0.095,0.3724,-0.1859,0.1859,1.1,0.095,0.3,-0.1,0.2
76,10,1.0,0.0,0.0,0.0,-0.0,0.0,1.0,0.0,0.0,0.0,0.0
77,10,1.182842712474619,0.3176210281856128,0.1,0.392,-0.1969,0.1969,1.181,0.099,0.38,-0.18,0.2
78,10,1.1,0.3,0.095,0.3724,-0.1859,0.1859,1.1,0.096,0.3,-0.1,0.2
79,10,1.282842712474619,0.392828938662571,0.124,0.48608,-0.2435,0.2435,1.281,0.125,0.5,-0.24,0.26
80,10,1.6,0.8,0.253,0.99176,-0.4958,0.4958,1.598,0.25,1.0,-0.5,0.5
81,10,1.2,0.4,0.126,0.49391999999999997,-0.2479,0.2479,1.198,0.125,0.5,-0.2,0.3
82,10,1.812403840463596,2.1248981902841377,0.672,2.63424,-1.317,1.317,1.805,0.668,2.24,-0.8,1.43
83,10,1.2828427124746191,0.5952432906390143,0.188,0.73696,-0.3689,0.3689,1.285,0.187,0.68,-0.28,0.4
84,10,1.0414213562373096,0.12426406871192855,0.039,0.15288,-0.077,0.077,1.042,0.039,0.12,-0.04,0.08
85,10,2.2538251967009053,2.102444287660466,0.665,2.6068000000000002,-1.3031,1.3031,2.252,0.664,2.5,-1.01,1.49
86,10,1.8538251967009054,2.1126599679259437,0.668,2.61856,-1.3094,1.3094,1.867,0.678,2.34,-0.87,1.47
87,10,1.1414213562373097,0.3117006376724003,0.099,0.38808000000000004,-0.1932,0.1932,1.141,0.099,0.34,-0.14,0.2
88,10,1.1414213562373097,0.3117006376724003,0.099,0.38808000000000004,-0.1932,0.1932,1.142,0.099,0.34,-0.14,0.2
89,10,1.2242640687119286,0.318084092750509,0.101,0.39592,-0.1972,0.1972,1.225,0.102,0.4,-0.18,0.22
90,10,1.082842712474619,0.16568542494923807,0.052,0.20384,-0.1027,0.1027,1.083,0.052,0.21,-0.08,0.12
91,10,1.382842712474619,0.622692566645723,0.197,0.77224,-0.3859,0.3859,1.382,0.197,0.78,-0.34,0.44
92,10,1.2414213562373095,0.3985887809232958,0.126,0.49391999999999997,-0.247,0.247,1.242,0.126,0.5,-0.24,0.26
93,10,1.2414213562373095,0.5990601107384125,0.189,0.74088,-0.3713,0.3713,1.245,0.19,0.64,-0.25,0.4
94,10,1.2650281539872885,0.44688227713740586,0.141,0.55272,-0.277,0.277,1.266,0.142,0.57,-0.27,0.3
95,10,1.1732050807568877,0.35155346461985626,0.111,0.43512,-0.2179,0.2179,1.173,0.111,0.42,-0.17,0.25
96,10,1.9538251967009053,2.0934581678974786,0.662,2.59504,-1.2975,1.2975,1.952,0.663,2.34,-0.85,1.49
97,10,1.1732050807568877,0.35155346461985626,0.111,0.43512,-0.2179,0.2179,1.172,0.11,0.4,-0.17,0.23
98,10,1.323606797749979,0.4980612863393884,0.158,0.61936,-0.3087,0.3087,1.324,0.157,0.65,-0.32,0.32
99,10,1.3828427124746192,0.622692566645723,0.197,0.77224,-0.3859,0.3859,1.382,0.195,0.76,-0.34,0.42
100,20,1.3121320343559644,0.5275504946608226,0.118,0.46255999999999997,-0.2312,0.2312,1.312,0.119,0.46,-0.21,0.25
101,20,1.1739354332309537,0.34910685843284855,0.078,0.30576,-0.153,0.153,1.174,0.079,0.3,-0.13,0.17
102,20,1.1828427124746193,0.31762102818561266,0.071,0.27831999999999996,-0.1392,0.1392,1.183,0.07,0.27,-0.12,0.15
103,20,1.3325140769936443,0.5695667077821318,0.127,0.49784,-0.2496,0.2496,1.332,0.127,0.5,-0.23,0.27
104,20,1.3121320343559644,0.5275504946608227,0.118,0.46255999999999997,-0.2312,0.2312,1.313,0.117,0.45,-0.2,0.25
105,20,1.2325140769936442,0.5300085376788805,0.119,0.46647999999999995,-0.2323,0.2323,1.231,0.118,0.47,-0.21,0.26
106,20,1.3914213562373097,0.6433868271939722,0.144,0.56448,-0.282,0.282,1.393,0.144,0.55,-0.25,0.3
107,20,1.604936494966206,1.540837060537417,0.345,1.3523999999999998,-0.6753,0.6753,1.608,0.347,1.23,-0.47,0.76
108,20,1.2207106781186547,0.39983176503011125,0.089,0.34887999999999997,-0.1752,0.1752,1.222,0.089,0.35,-0.17,0.18
109,20,1.3035533905932737,0.3882635160207302,0.087,0.34103999999999995,-0.1702,0.1702,1.304,0.087,0.34,-0.16,0.18
110,20,1.2414213562373095,0.5990601107384126,0.134,0.52528,-0.2625,0.2625,1.241,0.135,0.52,-0.22,0.3
111,20,1.2707106781186548,0.6207208491062859,0.139,0.54488,-0.272,0.272,1.272,0.14,0.55,-0.25,0.3
112,20,1.2207106781186547,0.50976998766806,0.114,0.44688,-0.2234,0.2234,1.22,0.114,0.45,-0.2,0.25
113,20,1.348734574734408,0.42534109478863585,0.095,0.3724,-0.1864,0.1864,1.349,0.096,0.37,-0.18,0.19
114,20,1.2414213562373095,0.3985887809232958,0.089,0.34887999999999997,-0.1747,0.1747,1.241,0.089,0.34,-0.16,0.18
115,20,1.1414213562373097,0.3117006376724003,0.07,0.27440000000000003,-0.1366,0.1366,1.142,0.07,0.27,-0.12,0.15
116,20,1.353224755112299,0.564608503435131,0.126,0.49391999999999997,-0.2475,0.2475,1.353,0.127,0.5,-0.23,0.27
117,20,1.5476232764691076,1.5507618108952206,0.347,1.36024,-0.6797,0.6797,1.55,0.351,1.25,-0.46,0.79
118,20,1.2191166173720882,0.4046661256483396,0.09,0.3528,-0.1774,0.1774,1.219,0.09,0.35,-0.16,0.19
119,20,1.2073132184970987,0.3773523452188644,0.084,0.32928,-0.1654,0.1654,1.208,0.084,0.34,-0.16,0.18
120,20,1.2207106781186547,0.39983176503011125,0.089,0.34887999999999997,-0.1752,0.1752,1.22,0.09,0.36,-0.17,0.19
121,20,1.2825140769936443,0.5524107550665002,0.124,0.48608,-0.2421,0.2421,1.283,0.125,0.49,-0.22,0.27
122,20,1.2073132184970987,0.3773523452188644,0.084,0.32928,-0.1654,0.1654,1.208,0.085,0.34,-0.16,0.18
123,20,1.6890446327064168,1.5643299615891924,0.35,1.3719999999999999,-0.6856,0.6856,1.693,0.351,1.3,-0.51,0.79
124,20,1.2035533905932738,0.31852666449048594,0.071,0.27831999999999996,-0.1396,0.1396,1.203,0.071,0.27,-0.12,0.15
125,20,1.1032247551122991,0.28791516060709266,0.064,0.25088,-0.1262,0.1262,1.103,0.064,0.25,-0.1,0.14
126,20,1.1414213562373097,0.3117006376724003,0.07,0.27440000000000003,-0.1366,0.1366,1.141,0.07,0.27,-0.12,0.15
127,20,1.5476232764691074,1.5507618108952206,0.347,1.36024,-0.6797,0.6797,1.548,0.343,1.22,-0.46,0.76
128,20,1.7183339545877623,1.564393946712522,0.35,1.3719999999999999,-0.6856,0.6856,1.718,0.349,1.29,-0.51,0.78
129,20,1.2207106781186547,0.39983176503011125,0.089,0.34887999999999997,-0.1752,0.1752,1.221,0.089,0.36,-0.17,0.19
130,20,1.262132034355964,0.3962609340478506,0.089,0.34887999999999997,-0.1737,0.1737,1.261,0.089,0.35,-0.17,0.18
131,20,1.2987345747344081,0.5131164627932299,0.115,0.45080000000000003,-0.2249,0.2249,1.299,0.115,0.45,-0.2,0.25
132,20,1.2325140769936442,0.4253340452074172,0.095,0.3724,-0.1864,0.1864,1.233,0.096,0.38,-0.17,0.2
133,20,1.6183339545877622,1.5430473782189367,0.345,1.3523999999999998,-0.6763,0.6763,1.618,0.342,1.24,-0.47,0.76
134,20,1.6183339545877622,1.5751175230529098,0.352,1.37984,-0.6903,0.6903,1.622,0.353,1.29,-0.5,0.79
135,20,1.2121320343559643,0.48034980096599544,0.107,0.41944,-0.2105,0.2105,1.212,0.106,0.4,-0.17,0.23
136,20,1.1914213562373095,0.3612688083707893,0.081,0.31752,-0.1583,0.1583,1.192,0.081,0.31,-0.14,0.17
137,20,1.3414213562373096,0.4478713487492331,0.1,0.392,-0.1963,0.1963,1.342,0.1,0.39,-0.19,0.2
138,20,1.419445252853063,0.5340179530249001,0.119,0.46647999999999995,-0.234,0.234,1.419,0.118,0.47,-0.22,0.25
139,20,1.2414213562373095,0.5087956527702641,0.114,0.44688,-0.223,0.223,1.241,0.114,0.44,-0.19,0.25
140,20,1.3325140769936443,0.4737153518873717,0.106,0.41552,-0.2076,0.2076,1.333,0.106,0.41,-0.19,0.21
141,20,1.1914213562373095,0.3612688083707893,0.081,0.31752,-0.1583,0.1583,1.19,0.08,0.31,-0.14,0.17
142,20,1.4032247551122992,0.5752914797213917,0.129,0.50568,-0.2521,0.2521,1.405,0.13,0.52,-0.24,0.27
143,20,1.2535533905932739,0.47812539875236415,0.107,0.41944,-0.2095,0.2095,1.253,0.106,0.41,-0.17,0.24
144,20,1.15,0.3570714214271425,0.08,0.3136,-0.1565,0.1565,1.15,0.08,0.3,-0.15,0.15
145,20,1.2780238966157536,0.5163864053972433,0.115,0.45080000000000003,-0.2263,0.2263,1.279,0.117,0.46,-0.2,0.26
146,20,1.332842712474619,0.4165696866111361,0.093,0.36456,-0.1826,0.1826,1.332,0.094,0.36,-0.17,0.19
147,20,1.282842712474619,0.5042961184173065,0.113,0.44296,-0.221,0.221,1.282,0.112,0.43,-0.19,0.24
148,20,1.25,0.4330127018922193,0.097,0.38024,-0.1898,0.1898,1.249,0.097,0.4,-0.2,0.2
149,20,1.132842712474619,0.2582002881352917,0.058,0.22736,-0.1132,0.1132,1.133,0.058,0.22,-0.09,0.13
150,20,1.332842712474619,0.5230012464643847,0.117,0.45864,-0.2292,0.2292,1.333,0.116,0.45,-0.2,0.25
151,20,1.2121320343559643,0.36157424035469055,0.081,0.31752,-0.1585,0.1585,1.211,0.08,0.31,-0.14,0.17
152,20,1.332842712474619,0.5230012464643847,0.117,0.45864,-0.2292,0.2292,1.332,0.116,0.45,-0.2,0.25
153,20,1.1621320343559645,0.4465972847249162,0.1,0.392,-0.1957,0.1957,1.16,0.098,0.36,-0.14,0.22
154,20,1.1414213562373097,0.3117006376724003,0.07,0.27440000000000003,-0.1366,0.1366,1.142,0.069,0.27,-0.12,0.15
155,20,1.2325140769936442,0.42533404520741713,0.095,0.3724,-0.1864,0.1864,1.232,0.094,0.37,-0.17,0.2
156,20,1.15,0.3570714214271425,0.08,0.3136,-0.1565,0.1565,1.151,0.079,0.3,-0.15,0.15
157,20,1.2535533905932739,0.47812539875236415,0.107,0.41944,-0.2095,0.2095,1.254,0.107,0.41,-0.17,0.24
158,20,1.2914213562373096,0.5312540641295728,0.119,0.46647999999999995,-0.2328,0.2328,1.291,0.119,0.46,-0.2,0.26
159,20,1.1207106781186549,0.3066065490996972,0.069,0.27048,-0.1344,0.1344,1.121,0.07,0.27,-0.12,0.15
160,20,1.2707106781186548,0.43045832843055626,0.096,0.37632,-0.1887,0.1887,1.272,0.096,0.37,-0.17,0.2
161,20,1.7680053191067873,1.5729453873577766,0.352,1.37984,-0.6894,0.6894,1.77,0.351,1.32,-0.52,0.8
162,20,1.3207106781186548,0.6369641314103669,0.142,0.5566399999999999,-0.2792,0.2792,1.32,0.141,0.55,-0.25,0.3
163,20,1.403224755112299,0.5752914797213917,0.129,0.50568,-0.2521,0.2521,1.404,0.128,0.5,-0.23,0.26
164,20,1.6976232764691077,1.6025215166075903,0.358,1.40336,-0.7023,0.7023,1.698,0.358,1.34,-0.54,0.8
165,20,1.589044632706417,1.5731932987611303,0.352,1.37984,-0.6895,0.6895,1.587,0.351,1.29,-0.49,0.8
166,20,1.2414213562373095,0.5087956527702642,0.114,0.44688,-0.223,0.223,1.241,0.115,0.44,-0.19,0.25
167,20,1.3328427124746192,0.5230012464643846,0.117,0.45864,-0.2292,0.2292,1.335,0.117,0.45,-0.2,0.25
168,20,1.2914213562373096,0.5312540641295728,0.119,0.46647999999999995,-0.2328,0.2328,1.292,0.119,0.45,-0.2,0.25
169,20,1.2,0.5099019513592785,0.114,0.44688,-0.2235,0.2235,1.198,0.114,0.45,-0.2,0.25
170,20,1.2414213562373095,0.3985887809232958,0.089,0.34887999999999997,-0.1747,0.1747,1.24,0.089,0.35,-0.17,0.18
171,20,1.3207106781186548,0.4535673100030062,0.101,0.39592,-0.1988,0.1988,1.321,0.101,0.38,-0.18,0.2
172,20,1.2207106781186547,0.50976998766806,0.114,0.44688,-0.2234,0.2234,1.221,0.114,0.43,-0.18,0.25
173,20,1.2207106781186547,0.50976998766806,0.114,0.44688,-0.2234,0.2234,1.22,0.115,0.45,-0.2,0.25
174,20,1.2325140769936442,0.4253340452074172,0.095,0.3724,-0.1864,0.1864,1.232,0.094,0.37,-0.17,0.2
175,20,1.3207106781186548,0.6369641314103669,0.142,0.5566399999999999,-0.2792,0.2792,1.321,0.143,0.55,-0.25,0.3
176,20,1.25,0.5361902647381804,0.12,0.4704,-0.235,0.235,1.25,0.121,0.45,-0.2,0.25
177,20,1.35,0.5722761571129799,0.128,0.50176,-0.2508,0.2508,1.35,0.128,0.5,-0.25,0.25
178,20,1.3780238966157534,0.5486803626483596,0.123,0.48216,-0.2405,0.2405,1.377,0.123,0.47,-0.22,0.26
179,20,1.5976232764691074,1.5803796589693608,0.353,1.3837599999999999,-0.6926,0.6926,1.603,0.355,1.32,-0.51,0.81
180,20,1.2825140769936443,0.4529433102642546,0.101,0.39592,-0.1985,0.1985,1.281,0.102,0.39,-0.18,0.21
181,20,1.0414213562373096,0.12426406871192855,0.028,0.10976,-0.0545,0.0545,1.041,0.028,0.1,-0.04,0.06
182,20,1.1914213562373095,0.36126880837078923,0.081,0.31752,-0.1583,0.1583,1.192,0.081,0.31,-0.14,0.17
183,20,1.1914213562373095,0.3612688083707893,0.081,0.31752,-0.1583,0.1583,1.192,0.081,0.32,-0.15,0.17
184,20,1.3,0.6403124237432849,0.143,0.56056,-0.2806,0.2806,1.3,0.142,0.55,-0.25,0.3
185,20,1.339827295490743,0.4526177396633517,0.101,0.39592,-0.1984,0.1984,1.341,0.102,0.39,-0.19,0.2
186,20,1.3987345747344082,0.5417947853593227,0.121,0.47431999999999996,-0.2375,0.2375,1.4,0.122,0.48,-0.22,0.26
187,20,1.4887159972254422,1.5600399609000586,0.349,1.36808,-0.6837,0.6837,1.484,0.346,1.23,-0.46,0.77
188,20,1.3121320343559641,0.5275504946608227,0.118,0.46255999999999997,-0.2312,0.2312,1.312,0.119,0.45,-0.2,0.25
189,20,1.2325140769936442,0.42533404520741713,0.095,0.3724,-0.1864,0.1864,1.232,0.095,0.37,-0.17,0.2
190,20,1.4976232764691075,1.5514910640341872,0.347,1.36024,-0.68,0.68,1.498,0.345,1.21,-0.45,0.76
191,20,1.1573132184970987,0.3326050424931752,0.074,0.29008,-0.1458,0.1458,1.156,0.074,0.29,-0.14,0.16
192,20,1.3207106781186548,0.5529225123861056,0.124,0.48608,-0.2423,0.2423,1.321,0.123,0.49,-0.22,0.27
193,20,1.3,0.5567764362830021,0.124,0.48608,-0.244,0.244,1.299,0.125,0.45,-0.2,0.25
194,20,1.1207106781186549,0.3066065490996972,0.069,0.27048,-0.1344,0.1344,1.121,0.068,0.27,-0.12,0.15
195,20,1.2707106781186548,0.43045832843055626,0.096,0.37632,-0.1887,0.1887,1.271,0.097,0.37,-0.17,0.2
196,20,1.2898272954907428,0.4316775970641005,0.097,0.38024,-0.1892,0.1892,1.288,0.096,0.38,-0.18,0.2
197,20,1.319116617372088,0.556714783145571,0.124,0.48608,-0.244,0.244,1.319,0.124,0.48,-0.22,0.26
198,20,1.262132034355964,0.3962609340478506,0.089,0.34887999999999997,-0.1737,0.1737,1.262,0.089,0.34,-0.16,0.18
199,20,1.1414213562373097,0.4440239717913674,0.099,0.38808000000000004,-0.1946,0.1946,1.141,0.099,0.36,-0.14,0.22
200,30,1.255228474983079,0.47371032877873054,0.086,0.33712,-0.1695,0.1695,1.255,0.086,0.34,-0.15,0.18
201,30,1.360947570824873,0.5897641134096558,0.108,0.42336,-0.211,0.211,1.362,0.108,0.41,-0.2,0.22
202,30,1.4826236221539693,0.6070369524977135,0.111,0.43512,-0.2172,0.2172,1.483,0.111,0.44,-0.21,0.23
203,30,1.4729511168960647,1.3280618737724414,0.242,0.9486399999999999,-0.4752,0.4752,1.473,0.242,0.91,-0.36,0.56
204,30,1.4161760458079522,0.5725196421198889,0.105,0.41159999999999997,-0.2049,0.2049,1.417,0.105,0.42,-0.19,0.22
205,30,1.1826236221539692,0.36706225855671853,0.067,0.26264,-0.1314,0.1314,1.183,0.067,0.26,-0.12,0.14
206,30,1.1216760513290962,0.4185405227789781,0.076,0.29791999999999996,-0.1498,0.1498,1.122,0.077,0.3,-0.12,0.17
207,30,1.299156383156272,0.42291767375102707,0.077,0.30184,-0.1513,0.1513,1.3,0.077,0.3,-0.14,0.16
208,30,1.2630974075664056,0.48776866682102354,0.089,0.34887999999999997,-0.1745,0.1745,1.262,0.089,0.34,-0.15,0.19
209,30,1.4593630884709445,1.2923851500263166,0.236,0.9251199999999999,-0.4625,0.4625,1.457,0.234,0.86,-0.33,0.53
210,30,1.4512750655669684,1.326826043884524,0.242,0.9486399999999999,-0.4748,0.4748,1.45,0.243,0.91,-0.35,0.56
211,30,1.2462968352353754,0.4619641383797605,0.084,0.32928,-0.1653,0.1653,1.247,0.085,0.33,-0.15,0.18
212,30,1.1942809041582063,0.45500159922399225,0.083,0.32536000000000004,-0.1628,0.1628,1.194,0.083,0.32,-0.15,0.18
213,30,1.2609475708248727,0.49329966244077766,0.09,0.3528,-0.1765,0.1765,1.261,0.091,0.35,-0.16,0.19
214,30,1.2492902888206359,0.4891561859554189,0.089,0.34887999999999997,-0.175,0.175,1.249,0.089,0.35,-0.16,0.19
215,30,1.2573783117246118,0.39029875036681555,0.071,0.27831999999999996,-0.1397,0.1397,1.256,0.071,0.28,-0.13,0.15
216,30,1.360947570824873,0.5897641134096558,0.108,0.42336,-0.211,0.211,1.361,0.108,0.41,-0.19,0.22
217,30,1.2276142374915398,0.39953717045443005,0.073,0.28615999999999997,-0.143,0.143,1.227,0.073,0.28,-0.13,0.15
218,30,1.2495093791412857,0.45320302084675634,0.083,0.32536000000000004,-0.1622,0.1622,1.249,0.083,0.32,-0.15,0.17
219,30,1.3650821843127383,1.292239901645703,0.236,0.9251199999999999,-0.4624,0.4624,1.357,0.231,0.84,-0.31,0.53
220,30,1.5032909966441372,1.3441662270996626,0.245,0.9603999999999999,-0.481,0.481,1.502,0.244,0.93,-0.37,0.56
221,30,1.3853492644105023,0.5894693225808676,0.108,0.42336,-0.2109,0.2109,1.386,0.109,0.42,-0.2,0.22
222,30,1.2267706206478115,0.4416263627948209,0.081,0.31752,-0.158,0.158,1.227,0.08,0.31,-0.14,0.17
223,30,1.2552284749830795,0.39715841792033857,0.073,0.28615999999999997,-0.1421,0.1421,1.255,0.073,0.29,-0.13,0.15
224,30,1.1796301685687085,0.41849651380773395,0.076,0.29791999999999996,-0.1498,0.1498,1.18,0.078,0.3,-0.13,0.17
225,30,1.603290996644137,1.3401957494136876,0.245,0.9603999999999999,-0.4796,0.4796,1.605,0.248,0.95,-0.38,0.56
226,30,1.3883427179957628,0.6103314651794857,0.111,0.43512,-0.2184,0.2184,1.388,0.112,0.44,-0.21,0.23
227,30,1.4260297551376113,1.2909063240460803,0.236,0.9251199999999999,-0.4619,0.4619,1.425,0.236,0.86,-0.32,0.53
228,30,1.3403586490729318,0.6351682390165503,0.116,0.45472,-0.2273,0.2273,1.341,0.116,0.45,-0.21,0.24
229,30,1.606284450229398,1.32407839582276,0.242,0.9486399999999999,-0.4738,0.4738,1.605,0.243,0.91,-0.37,0.55
230,30,1.2885618083164128,0.4158627171094686,0.076,0.29791999999999996,-0.1488,0.1488,1.288,0.076,0.3,-0.15,0.15
231,30,1.3690355937288492,0.626424943445074,0.114,0.44688,-0.2242,0.2242,1.369,0.114,0.44,-0.2,0.24
232,30,1.2021498367415326,0.3934917661429605,0.072,0.28224,-0.1408,0.1408,1.202,0.072,0.29,-0.13,0.15
233,30,1.3070253157395981,0.5701036373758165,0.104,0.40768,-0.204,0.204,1.307,0.105,0.41,-0.19,0.22
234,30,1.3186825977438354,0.5724883169761948,0.105,0.41159999999999997,-0.2049,0.2049,1.318,0.105,0.41,-0.19,0.22
235,30,1.2072444060602483,0.3304960070907137,0.06,0.2352,-0.1183,0.1183,1.208,0.061,0.23,-0.11,0.12
236,30,1.3218951416497462,0.5025865442715294,0.092,0.36063999999999996,-0.1798,0.1798,1.322,0.092,0.35,-0.17,0.19
237,30,1.2609475708248727,0.49329966244077766,0.09,0.3528,-0.1765,0.1765,1.261,0.09,0.35,-0.16,0.19
238,30,1.2552284749830795,0.47371032877873054,0.086,0.33712,-0.1695,0.1695,1.256,0.087,0.33,-0.15,0.19
239,30,1.3354831700748662,0.5914541704816357,0.108,0.42336,-0.2116,0.2116,1.335,0.108,0.42,-0.19,0.22
240,30,1.3324897164896052,0.5696236963552788,0.104,0.40768,-0.2038,0.2038,1.333,0.104,0.4,-0.19,0.22
241,30,1.5561505445650343,1.3210080050160988,0.241,0.94472,-0.4727,0.4727,1.556,0.24,0.9,-0.36,0.54
242,30,1.160947570824873,0.4307366609996876,0.079,0.30968,-0.1541,0.1541,1.161,0.078,0.3,-0.13,0.17
243,30,1.2942809041582064,0.5081045900843145,0.093,0.36456,-0.1818,0.1818,1.294,0.093,0.36,-0.17,0.19
244,30,1.2630974075664056,0.5518921443534283,0.101,0.39592,-0.1975,0.1975,1.263,0.101,0.39,-0.17,0.22
245,30,1.3151133386435745,0.48697389374423083,0.089,0.34887999999999997,-0.1743,0.1743,1.315,0.089,0.35,-0.16,0.19
246,30,1.2346395532311378,0.3772689230030516,0.069,0.27048,-0.135,0.135,1.234,0.069,0.27,-0.13,0.14
247,30,1.3265515303271618,0.5833189842501827,0.106,0.41552,-0.2087,0.2087,1.327,0.107,0.42,-0.19,0.23
248,30,1.5504314487232405,1.315102907054534,0.24,0.9408,-0.4706,0.4706,1.553,0.243,0.91,-0.36,0.55
249,30,1.2276142374915398,0.4757064401933181,0.087,0.34103999999999995,-0.1702,0.1702,1.228,0.087,0.33,-0.15,0.19
250,30,1.3550093846624296,0.6032823281654653,0.11,0.43119999999999997,-0.2159,0.2159,1.355,0.11,0.42,-0.2,0.23
251,30,1.2942809041582062,0.5081045900843144,0.093,0.36456,-0.1818,0.1818,1.294,0.092,0.36,-0.17,0.2
252,30,1.208088022903976,0.37486441404321363,0.068,0.26656,-0.1341,0.1341,1.207,0.068,0.27,-0.13,0.14
253,30,1.378889303058508,1.2904770267530872,0.236,0.9251199999999999,-0.4618,0.4618,1.379,0.235,0.84,-0.32,0.52
254,30,1.4338986877209374,1.295093775247764,0.236,0.9251199999999999,-0.4634,0.4634,1.435,0.238,0.87,-0.33,0.54
255,30,1.2218951416497459,0.3745738860973633,0.068,0.26656,-0.134,0.134,1.222,0.067,0.26,-0.12,0.14
256,30,1.321895141649746,0.5025865442715294,0.092,0.36063999999999996,-0.1798,0.1798,1.322,0.091,0.35,-0.17,0.19
257,30,1.2186825977438356,0.38489746594342494,0.07,0.27440000000000003,-0.1377,0.1377,1.219,0.07,0.28,-0.13,0.15
258,30,1.2794110782480588,0.5129398530589525,0.094,0.36848,-0.1836,0.1836,1.279,0.094,0.36,-0.17,0.19
259,30,1.343571192978842,0.5113541982462622,0.093,0.36456,-0.183,0.183,1.343,0.094,0.37,-0.17,0.2
260,30,1.2208324344853685,0.45778615849382026,0.084,0.32928,-0.1638,0.1638,1.221,0.084,0.33,-0.15,0.18
261,30,1.2048754789980656,0.3850650336101445,0.07,0.27440000000000003,-0.1378,0.1378,1.205,0.07,0.28,-0.13,0.15
262,30,1.5835456917359239,1.3262917133312941,0.242,0.9486399999999999,-0.4746,0.4746,1.583,0.244,0.92,-0.37,0.56
263,30,1.531748850979405,1.3242905487555487,0.242,0.9486399999999999,-0.4739,0.4739,1.53,0.242,0.9,-0.36,0.54
264,30,1.567232021054271,1.3205240596756063,0.241,0.94472,-0.4725,0.4725,1.566,0.24,0.9,-0.36,0.54
265,30,1.4729511168960647,1.3280618737724414,0.242,0.9486399999999999,-0.4752,0.4752,1.472,0.244,0.92,-0.36,0.55
266,30,1.4810391398000404,1.3190361631561462,0.241,0.94472,-0.472,0.472,1.482,0.243,0.9,-0.35,0.55
267,30,1.4122226363918415,1.3186965377204147,0.241,0.94472,-0.4719,0.4719,1.414,0.242,0.89,-0.34,0.55
268,30,1.1414213562373097,0.3117006376724003,0.057,0.22344,-0.1115,0.1115,1.142,0.057,0.23,-0.1,0.12
269,30,1.514372473133374,1.3190941383954524,0.241,0.94472,-0.472,0.472,1.514,0.241,0.91,-0.35,0.55
270,30,1.2023689270621825,0.4331769806541772,0.079,0.30968,-0.155,0.155,1.201,0.078,0.3,-0.13,0.17
271,30,1.4070253157395984,0.5946537599319597,0.109,0.42728,-0.2128,0.2128,1.406,0.108,0.42,-0.2,0.22
272,30,1.422817211231701,1.2944462844872493,0.236,0.9251199999999999,-0.4632,0.4632,1.424,0.239,0.86,-0.33,0.54
273,30,1.359884863660495,0.5922103997626826,0.108,0.42336,-0.2119,0.2119,1.359,0.109,0.43,-0.2,0.23
274,30,1.1853492644105021,0.35816260929194516,0.065,0.2548,-0.1282,0.1282,1.185,0.065,0.25,-0.12,0.14
275,30,1.553424902308501,1.2987960089589985,0.237,0.92904,-0.4648,0.4648,1.553,0.237,0.89,-0.34,0.54
276,30,1.1934372873144785,0.3302132259325668,0.06,0.2352,-0.1182,0.1182,1.193,0.06,0.24,-0.11,0.12
277,30,1.1414213562373094,0.31170063767240036,0.057,0.22344,-0.1115,0.1115,1.142,0.057,0.22,-0.1,0.12
278,30,1.3414213562373094,0.5169675151275211,0.094,0.36848,-0.185,0.185,1.341,0.094,0.37,-0.17,0.2
279,30,1.2688165034081995,0.5067261068325349,0.093,0.36456,-0.1813,0.1813,1.271,0.093,0.36,-0.16,0.19
280,30,1.5640194771483604,1.3243274047985898,0.242,0.9486399999999999,-0.4739,0.4739,1.564,0.241,0.92,-0.36,0.55
281,30,1.147140452079103,0.4290323801343563,0.078,0.30576,-0.1535,0.1535,1.146,0.079,0.3,-0.13,0.17
282,30,1.3080880229039764,0.5676610411755417,0.104,0.40768,-0.2031,0.2031,1.309,0.103,0.4,-0.18,0.22
283,30,1.5561505445650343,1.3460047607580294,0.246,0.96432,-0.4817,0.4817,1.558,0.244,0.94,-0.38,0.56
284,30,1.378889303058508,1.3160538071234607,0.24,0.9408,-0.4709,0.4709,1.38,0.24,0.88,-0.33,0.55
285,30,1.2021498367415329,0.47064045373190455,0.086,0.33712,-0.1684,0.1684,1.202,0.086,0.33,-0.15,0.19
286,30,1.235483170074866,0.4166309355553903,0.076,0.29791999999999996,-0.1491,0.1491,1.235,0.076,0.3,-0.14,0.16
287,30,1.4512750655669686,1.3268260438845243,0.242,0.9486399999999999,-0.4748,0.4748,1.449,0.241,0.89,-0.35,0.54
288,30,1.2942809041582064,0.5081045900843144,0.093,0.36456,-0.1818,0.1818,1.295,0.093,0.36,-0.17,0.19
289,30,1.3690355937288492,0.5707377183115704,0.104,0.40768,-0.2042,0.2042,1.368,0.104,0.4,-0.18,0.22
290,30,1.0942809041582064,0.26308928039995305,0.048,0.18816,-0.0941,0.0941,1.094,0.048,0.19,-0.08,0.11
291,30,1.4200915689751676,1.2974359081379112,0.237,0.92904,-0.4643,0.4643,1.424,0.24,0.88,-0.33,0.55
292,30,1.1552284749830792,0.31429365873590603,0.057,0.22344,-0.1125,0.1125,1.155,0.057,0.21,-0.1,0.12
293,30,1.3080880229039762,0.5676610411755417,0.104,0.40768,-0.2031,0.2031,1.307,0.104,0.41,-0.19,0.22
294,30,1.4731702072167145,1.3152070333483858,0.24,0.9408,-0.4706,0.4706,1.475,0.24,0.89,-0.35,0.55
295,30,1.5041346134878653,1.3307563254935302,0.243,0.95256,-0.4762,0.4762,1.507,0.245,0.92,-0.37,0.54
296,30,1.255228474983079,0.4737103287787306,0.086,0.33712,-0.1695,0.1695,1.255,0.087,0.34,-0.15,0.19
297,30,1.2541657678187015,0.47651676448130004,0.087,0.34103999999999995,-0.1705,0.1705,1.254,0.087,0.34,-0.15,0.19
298,30,1.1690355937288492,0.3162632562624115,0.058,0.22736,-0.1132,0.1132,1.169,0.057,0.22,-0.1,0.12
299,30,1.4642385674690102,1.3125060320634592,0.24,0.9408,-0.4697,0.4697,1.466,0.239,0.9,-0.34,0.55
300,50,1.4068274117288684,1.0586957228629261,0.15,0.588,-0.2935,0.2935,1.408,0.15,0.57,-0.23,0.35
301,50,1.306827411728868,1.0257690363595633,0.145,0.5683999999999999,-0.2843,0.2843,1.307,0.144,0.53,-0.21,0.33
302,50,1.4003392126325627,1.0858407293722288,0.154,0.60368,-0.301,0.301,1.403,0.155,0.59,-0.24,0.35
303,50,1.3956178530825667,1.0451080365958374,0.148,0.58016,-0.2897,0.2897,1.396,0.148,0.56,-0.22,0.34
304,50,1.403902124330029,1.0812302369530886,0.153,0.59976,-0.2997,0.2997,1.405,0.152,0.59,-0.24,0.34
305,50,1.4156178530825667,1.1027357317299118,0.156,0.61152,-0.3057,0.3057,1.416,0.156,0.6,-0.25,0.35
306,50,1.2890680031861448,0.46722979695401007,0.066,0.25872,-0.1295,0.1295,1.289,0.066,0.25,-0.12,0.13
307,50,1.1979898987322333,0.4059805445283473,0.057,0.22344,-0.1125,0.1125,1.197,0.057,0.23,-0.1,0.12
308,50,1.1994938298937632,0.3757852472447418,0.053,0.20776,-0.1042,0.1042,1.199,0.053,0.21,-0.1,0.11
309,50,1.3295741732923816,0.5022275557094417,0.071,0.27831999999999996,-0.1392,0.1392,1.329,0.071,0.27,-0.13,0.14
310,50,1.4666959575364782,1.0718222651849294,0.152,0.5958399999999999,-0.2971,0.2971,1.467,0.152,0.58,-0.24,0.34
311,50,1.387333581835105,1.084115092004801,0.153,0.59976,-0.3005,0.3005,1.386,0.152,0.58,-0.24,0.34
312,50,1.4451920263749483,1.063682286635568,0.15,0.588,-0.2948,0.2948,1.444,0.152,0.58,-0.23,0.34
313,50,1.256062372388687,0.40287382226858975,0.057,0.22344,-0.1117,0.1117,1.257,0.057,0.22,-0.11,0.12
314,50,1.4286234838800247,1.1040991537477514,0.156,0.61152,-0.306,0.306,1.43,0.156,0.6,-0.25,0.35
315,50,1.187778101141225,0.41131883308371076,0.058,0.22736,-0.114,0.114,1.187,0.058,0.23,-0.1,0.12
316,50,1.2497056274847713,0.4452368410552902,0.063,0.24695999999999999,-0.1234,0.1234,1.249,0.063,0.25,-0.12,0.13
317,50,1.3902588692339444,1.0616874664967813,0.15,0.588,-0.2943,0.2943,1.392,0.15,0.57,-0.23,0.34
318,50,1.2014213562373095,0.4202222326066338,0.059,0.23127999999999999,-0.1165,0.1165,1.201,0.06,0.24,-0.11,0.13
319,50,1.2861427157873053,0.4752230156750143,0.067,0.26264,-0.1317,0.1317,1.286,0.067,0.26,-0.12,0.14
320,50,1.4156178530825667,1.0844473680330935,0.153,0.59976,-0.3006,0.3006,1.418,0.154,0.6,-0.24,0.35
321,50,1.232499460691221,0.44826898107704205,0.063,0.24695999999999999,-0.1243,0.1243,1.232,0.063,0.25,-0.12,0.13
322,50,1.3556178530825667,1.0593867265563657,0.15,0.588,-0.2936,0.2936,1.357,0.15,0.57,-0.23,0.35
323,50,1.2126309148836107,0.41173567281514106,0.058,0.22736,-0.1141,0.1141,1.212,0.058,0.23,-0.1,0.12
324,50,1.2579898987322333,0.4873001279372553,0.069,0.27048,-0.1351,0.1351,1.258,0.069,0.27,-0.12,0.14
325,50,1.4149802287839401,1.0852792046982878,0.153,0.59976,-0.3008,0.3008,1.417,0.156,0.58,-0.24,0.35
326,50,1.3356178530825666,1.0752325099842892,0.152,0.5958399999999999,-0.298,0.298,1.333,0.151,0.58,-0.23,0.35
327,50,1.4239021243300285,1.0828216567507463,0.153,0.59976,-0.3001,0.3001,1.424,0.152,0.59,-0.24,0.34
328,50,1.3949802287839401,1.0835267238522108,0.153,0.59976,-0.3003,0.3003,1.392,0.152,0.58,-0.24,0.35
329,50,1.4403392126325627,1.0887713040639015,0.154,0.60368,-0.3018,0.3018,1.44,0.154,0.59,-0.24,0.35
330,50,1.2526309148836108,0.43693911598510843,0.062,0.24304,-0.1211,0.1211,1.252,0.061,0.24,-0.11,0.13
331,50,1.264215189443759,0.4709139568750118,0.067,0.26264,-0.1305,0.1305,1.264,0.067,0.26,-0.12,0.14
332,50,1.2807837319386828,0.4686075458218958,0.066,0.25872,-0.1299,0.1299,1.281,0.066,0.26,-0.12,0.14
333,50,1.2661427157873053,0.4657065849424367,0.066,0.25872,-0.1291,0.1291,1.267,0.065,0.25,-0.12,0.14
334,50,1.2014213562373095,0.3695764126360121,0.052,0.20384,-0.1024,0.1024,1.201,0.052,0.21,-0.1,0.11
335,50,1.3715487712788639,1.0386789532879916,0.147,0.57624,-0.2879,0.2879,1.37,0.147,0.55,-0.22,0.33
336,50,1.2877781011412253,0.5114954175954077,0.072,0.28224,-0.1418,0.1418,1.288,0.073,0.29,-0.13,0.15
337,50,1.3785431404814061,1.0581204136730664,0.15,0.588,-0.2933,0.2933,1.379,0.15,0.57,-0.23,0.34
338,50,1.3227112582822291,0.5200335827746533,0.074,0.29008,-0.1441,0.1441,1.323,0.074,0.28,-0.14,0.15
339,50,1.3819745979864826,1.081732966364666,0.153,0.59976,-0.2998,0.2998,1.381,0.153,0.59,-0.24,0.35
340,50,1.2331370849898478,0.4892575289382284,0.069,0.27048,-0.1356,0.1356,1.233,0.069,0.27,-0.12,0.15
341,50,1.1814213562373095,0.40526976080926175,0.057,0.22344,-0.1123,0.1123,1.182,0.058,0.22,-0.1,0.12
342,50,1.1965685424949237,0.4338475805067648,0.061,0.23912,-0.1203,0.1203,1.197,0.061,0.23,-0.11,0.13
343,50,1.2819745979864825,1.0278818658374107,0.145,0.5683999999999999,-0.2849,0.2849,1.283,0.146,0.54,-0.21,0.34
344,50,1.2414213562373095,0.4887463721378596,0.069,0.27048,-0.1355,0.1355,1.241,0.069,0.27,-0.12,0.14
345,50,1.2178584445398435,0.44364491326171335,0.063,0.24695999999999999,-0.123,0.123,1.219,0.063,0.25,-0.11,0.13
346,50,1.3536903267390208,1.061848623530305,0.15,0.588,-0.2943,0.2943,1.354,0.151,0.57,-0.23,0.34
347,50,1.3102588692339443,1.0311264207621609,0.146,0.5723199999999999,-0.2858,0.2858,1.31,0.146,0.54,-0.21,0.33
348,50,1.312499460691221,0.48718083468590406,0.069,0.27048,-0.135,0.135,1.313,0.07,0.27,-0.13,0.14
349,50,1.296062372388687,0.46927851738408854,0.066,0.25872,-0.1301,0.1301,1.296,0.066,0.26,-0.12,0.14
350,50,1.272499460691221,0.4251412971478446,0.06,0.2352,-0.1178,0.1178,1.273,0.06,0.24,-0.11,0.12
351,50,1.3921863955774905,1.0591586472143606,0.15,0.588,-0.2936,0.2936,1.391,0.15,0.58,-0.23,0.35
352,50,1.403902124330029,1.0812302369530886,0.153,0.59976,-0.2997,0.2997,1.403,0.152,0.58,-0.24,0.34
353,50,1.3276466469488353,0.5453021005328283,0.077,0.30184,-0.1512,0.1512,1.328,0.077,0.31,-0.14,0.16
354,50,1.4003392126325624,1.0858407293722288,0.154,0.60368,-0.301,0.301,1.4,0.154,0.59,-0.24,0.35
355,50,1.4349802287839402,1.0866608224276746,0.154,0.60368,-0.3012,0.3012,1.437,0.156,0.6,-0.25,0.35
356,50,1.2277781011412252,0.48224571989603754,0.068,0.26656,-0.1337,0.1337,1.228,0.069,0.27,-0.12,0.14
357,50,1.4203392126325627,1.0874909291843826,0.154,0.60368,-0.3014,0.3014,1.42,0.154,0.59,-0.24,0.35
358,50,1.1414213562373094,0.31170063767240036,0.044,0.17248,-0.0864,0.0864,1.141,0.044,0.17,-0.08,0.09
359,50,1.296062372388687,0.5479254756608861,0.077,0.30184,-0.1519,0.1519,1.295,0.077,0.3,-0.14,0.16
360,50,1.4086234838800242,1.0843338418871291,0.153,0.59976,-0.3006,0.3006,1.408,0.152,0.58,-0.24,0.34
361,50,1.144852813742386,0.3306237058441852,0.047,0.18424,-0.0916,0.0916,1.144,0.047,0.18,-0.08,0.1
362,50,1.3178584445398434,0.5322115370367543,0.075,0.294,-0.1475,0.1475,1.318,0.076,0.3,-0.14,0.16
363,50,1.2731370849898476,0.509040236939629,0.072,0.28224,-0.1411,0.1411,1.274,0.073,0.28,-0.13,0.15
364,50,1.3297056274847714,0.5584648102032306,0.079,0.30968,-0.1548,0.1548,1.329,0.079,0.31,-0.14,0.16
365,50,1.2214213562373095,0.4337394039367549,0.061,0.23912,-0.1202,0.1202,1.221,0.061,0.24,-0.11,0.13
366,50,1.212499460691221,0.43571212723941755,0.062,0.24304,-0.1208,0.1208,1.213,0.062,0.24,-0.11,0.13
367,50,1.2297056274847715,0.4333867438354392,0.061,0.23912,-0.1201,0.1201,1.23,0.062,0.24,-0.11,0.13
368,50,1.4349802287839402,1.0680972535304032,0.151,0.59192,-0.2961,0.2961,1.436,0.151,0.58,-0.23,0.35
369,50,1.31498022878394,1.0539577780477434,0.149,0.5840799999999999,-0.2921,0.2921,1.314,0.148,0.57,-0.22,0.34
370,50,1.3603392126325624,1.062768660892021,0.15,0.588,-0.2946,0.2946,1.36,0.149,0.57,-0.23,0.34
371,50,1.156062372388687,0.32174491627225543,0.046,0.18031999999999998,-0.0892,0.0892,1.156,0.045,0.18,-0.08,0.09
372,50,1.2744269870347673,0.4645813757755312,0.066,0.25872,-0.1288,0.1288,1.274,0.066,0.26,-0.12,0.14
373,50,1.4037706701376387,1.0906089609302339,0.154,0.60368,-0.3023,0.3023,1.404,0.154,0.59,-0.24,0.35
374,50,1.2077781011412252,0.42576056464132106,0.06,0.2352,-0.118,0.118,1.208,0.06,0.23,-0.11,0.13
375,50,1.2131370849898477,0.43393365048395965,0.061,0.23912,-0.1203,0.1203,1.213,0.061,0.24,-0.11,0.13
376,50,1.3131370849898476,0.4854595719772819,0.069,0.27048,-0.1346,0.1346,1.313,0.068,0.27,-0.13,0.14
377,50,1.2261427157873053,0.44336671111139087,0.063,0.24695999999999999,-0.1229,0.1229,1.226,0.063,0.25,-0.11,0.13
378,50,1.1414213562373094,0.37034752263972415,0.052,0.20384,-0.1027,0.1027,1.141,0.052,0.2,-0.09,0.11
379,50,1.4549802287839402,1.069126996127136,0.151,0.59192,-0.2963,0.2963,1.456,0.151,0.57,-0.23,0.34
380,50,1.2812899020449198,0.5275378535401232,0.075,0.294,-0.1462,0.1462,1.281,0.074,0.29,-0.14,0.15
381,50,1.1760623723886872,0.3960773866954451,0.056,0.21952,-0.1098,0.1098,1.176,0.056,0.22,-0.1,0.12
382,50,1.2344269870347673,0.4429334190149426,0.063,0.24695999999999999,-0.1228,0.1228,1.234,0.063,0.25,-0.11,0.13
383,50,1.3639021243300289,1.0581923243191829,0.15,0.588,-0.2933,0.2933,1.364,0.149,0.57,-0.23,0.34
384,50,1.2461427157873053,0.4551135373620952,0.064,0.25088,-0.1262,0.1262,1.246,0.065,0.25,-0.12,0.13
385,50,1.387333581835105,1.0655071715913405,0.151,0.59192,-0.2953,0.2953,1.388,0.15,0.57,-0.23,0.34
386,50,1.257989898732233,0.4873001279372553,0.069,0.27048,-0.1351,0.1351,1.259,0.068,0.26,-0.12,0.14
387,50,1.4549802287839402,1.069126996127136,0.151,0.59192,-0.2963,0.2963,1.453,0.151,0.57,-0.24,0.34
388,50,1.1773522744336067,0.33740424106109485,0.048,0.18816,-0.0935,0.0935,1.177,0.048,0.19,-0.09,0.1
389,50,1.4156178530825667,1.0844473680330935,0.153,0.59976,-0.3006,0.3006,1.415,0.153,0.6,-0.24,0.35
390,50,1.3239021243300289,1.0330939769422898,0.146,0.5723199999999999,-0.2864,0.2864,1.323,0.147,0.55,-0.21,0.33
391,50,1.1848528137423857,0.419671073302356,0.059,0.23127999999999999,-0.1163,0.1163,1.184,0.059,0.23,-0.11,0.13
392,50,1.299049310587643,1.0356017036784795,0.146,0.5723199999999999,-0.2871,0.2871,1.3,0.146,0.54,-0.21,0.33
393,50,1.3237706701376388,1.0618998130159671,0.15,0.588,-0.2943,0.2943,1.327,0.153,0.58,-0.23,0.35
394,50,1.466827411728868,1.0809335521671946,0.153,0.59976,-0.2996,0.2996,1.467,0.153,0.59,-0.24,0.35
395,50,1.2812899020449198,0.5275378535401231,0.075,0.294,-0.1462,0.1462,1.281,0.075,0.3,-0.14,0.16
396,50,1.4886234838800245,1.106345390572446,0.156,0.61152,-0.3067,0.3067,1.489,0.156,0.6,-0.25,0.35
397,50,1.2178584445398435,0.4866423831346723,0.069,0.27048,-0.1349,0.1349,1.217,0.069,0.27,-0.12,0.15
398,50,1.2495741732923815,0.46750870092508584,0.066,0.25872,-0.1296,0.1296,1.25,0.066,0.26,-0.12,0.14
399,50,1.4121863955774905,1.079689577677702,0.153,0.59976,-0.2993,0.2993,1.411,0.152,0.59,-0.24,0.35
400,100,1.2982007925106247,0.8152758443157662,0.082,0.32144,-0.1598,0.1598,1.297,0.082,0.32,-0.13,0.18
401,100,1.334058656886894,0.8368318229997809,0.084,0.32928,-0.164,0.164,1.335,0.085,0.33,-0.14,0.19
402,100,1.3282007925106252,0.8341958132082347,0.083,0.32536000000000004,-0.1635,0.1635,1.329,0.083,0.32,-0.14,0.19
403,100,1.3182007925106252,0.8320737170613915,0.083,0.32536000000000004,-0.1631,0.1631,1.319,0.083,0.32,-0.14,0.18
404,100,1.3282007925106247,0.8341958132082343,0.083,0.32536000000000004,-0.1635,0.1635,1.327,0.083,0.32,-0.14,0.18
405,100,1.322342928134356,0.8315101805829305,0.083,0.32536000000000004,-0.163,0.163,1.322,0.082,0.32,-0.14,0.18
406,100,1.2469604084642654,0.4744362335684669,0.047,0.18424,-0.093,0.093,1.246,0.047,0.18,-0.09,0.1
407,100,1.2982007925106247,0.8152758443157663,0.082,0.32144,-0.1598,0.1598,1.298,0.081,0.31,-0.13,0.18
408,100,1.3223429281343555,0.8315101805829305,0.083,0.32536000000000004,-0.163,0.163,1.323,0.084,0.33,-0.14,0.18
409,100,1.324058656886894,0.8347866033441566,0.083,0.32536000000000004,-0.1636,0.1636,1.323,0.084,0.33,-0.14,0.19
410,100,1.325022420058667,0.8332560148849051,0.083,0.32536000000000004,-0.1633,0.1633,1.325,0.083,0.32,-0.14,0.18
411,100,1.322342928134356,0.8315101805829305,0.083,0.32536000000000004,-0.163,0.163,1.323,0.084,0.33,-0.14,0.19
412,100,1.324058656886894,0.8347866033441568,0.083,0.32536000000000004,-0.1636,0.1636,1.323,0.083,0.32,-0.14,0.18
413,100,1.312342928134356,0.8293105805280342,0.083,0.32536000000000004,-0.1625,0.1625,1.312,0.083,0.31,-0.14,0.18
414,100,1.302342928134356,0.8269842184337208,0.083,0.32536000000000004,-0.1621,0.1621,1.303,0.083,0.32,-0.14,0.19
415,100,1.2411025440879961,0.468683768716502,0.047,0.18424,-0.0919,0.0919,1.241,0.047,0.19,-0.09,0.1
416,100,1.2569604084642654,0.4796358322241443,0.048,0.18816,-0.094,0.094,1.257,0.047,0.18,-0.09,0.1
417,100,1.3382007925106247,0.8361929435985068,0.084,0.32928,-0.1639,0.1639,1.338,0.083,0.32,-0.14,0.18
418,100,1.3308802844349361,0.8359172617564392,0.084,0.32928,-0.1638,0.1638,1.33,0.083,0.33,-0.14,0.19
419,100,1.3182007925106247,0.8320737170613913,0.083,0.32536000000000004,-0.1631,0.1631,1.317,0.083,0.32,-0.14,0.18
420,100,1.334058656886894,0.8368318229997809,0.084,0.32928,-0.164,0.164,1.335,0.084,0.33,-0.14,0.19
421,100,1.314058656886894,0.8326162659116217,0.083,0.32536000000000004,-0.1632,0.1632,1.313,0.083,0.32,-0.14,0.18
422,100,1.3382007925106247,0.8361929435985066,0.084,0.32928,-0.1639,0.1639,1.338,0.084,0.32,-0.14,0.18
423,100,1.3023429281343555,0.8024356033591931,0.08,0.3136,-0.1573,0.1573,1.302,0.08,0.31,-0.13,0.18
424,100,1.299982248359358,0.8124322457599455,0.081,0.31752,-0.1592,0.1592,1.3,0.081,0.31,-0.13,0.18
425,100,1.310880284434936,0.8195077058086646,0.082,0.32144,-0.1606,0.1606,1.311,0.082,0.31,-0.13,0.18
426,100,1.3240586568868937,0.8347866033441568,0.083,0.32536000000000004,-0.1636,0.1636,1.324,0.084,0.32,-0.14,0.19
427,100,1.3182007925106247,0.8320737170613913,0.083,0.32536000000000004,-0.1631,0.1631,1.319,0.084,0.33,-0.14,0.19
428,100,1.2569604084642654,0.4796358322241443,0.048,0.18816,-0.094,0.094,1.256,0.048,0.18,-0.09,0.1
429,100,1.3082007925106247,0.8176861784783775,0.082,0.32144,-0.1603,0.1603,1.307,0.082,0.32,-0.13,0.18
430,100,1.325022420058667,0.8332560148849052,0.083,0.32536000000000004,-0.1633,0.1633,1.325,0.083,0.32,-0.14,0.18
431,100,1.3382007925106252,0.8361929435985069,0.084,0.32928,-0.1639,0.1639,1.338,0.083,0.32,-0.14,0.18
432,100,1.3282007925106252,0.8341958132082347,0.083,0.32536000000000004,-0.1635,0.1635,1.329,0.084,0.32,-0.14,0.19
433,100,1.302342928134356,0.8148023671654568,0.081,0.31752,-0.1597,0.1597,1.302,0.082,0.31,-0.13,0.18
434,100,1.2254977647648455,0.44514630017149126,0.045,0.1764,-0.0872,0.0872,1.225,0.044,0.18,-0.08,0.09
435,100,1.3240586568868937,0.8347866033441568,0.083,0.32536000000000004,-0.1636,0.1636,1.324,0.084,0.32,-0.14,0.19
436,100,1.3282007925106252,0.8341958132082347,0.083,0.32536000000000004,-0.1635,0.1635,1.329,0.084,0.32,-0.14,0.18
437,100,1.322342928134356,0.8315101805829306,0.083,0.32536000000000004,-0.163,0.163,1.322,0.084,0.33,-0.14,0.18
438,100,1.3223429281343562,0.8315101805829307,0.083,0.32536000000000004,-0.163,0.163,1.322,0.082,0.32,-0.14,0.18
439,100,1.3084538775637433,0.8354330914492222,0.084,0.32928,-0.1637,0.1637,1.309,0.084,0.32,-0.14,0.18
440,100,1.2528182728405342,0.48004830510778873,0.048,0.18816,-0.0941,0.0941,1.253,0.048,0.18,-0.09,0.1
441,100,1.304058656886894,0.8181876431469436,0.082,0.32144,-0.1604,0.1604,1.305,0.081,0.31,-0.14,0.18
442,100,1.278200792510625,0.8100634135826715,0.081,0.31752,-0.1588,0.1588,1.279,0.081,0.31,-0.13,0.18
443,100,1.334058656886894,0.8368318229997809,0.084,0.32928,-0.164,0.164,1.335,0.084,0.33,-0.14,0.19
444,100,1.312342928134356,0.8293105805280342,0.083,0.32536000000000004,-0.1625,0.1625,1.313,0.083,0.33,-0.14,0.18
445,100,1.322596013187474,0.8371020164236844,0.084,0.32928,-0.1641,0.1641,1.323,0.084,0.33,-0.14,0.19
446,100,1.3082007925106252,0.8176861784783775,0.082,0.32144,-0.1603,0.1603,1.308,0.081,0.32,-0.14,0.18
447,100,1.3182007925106247,0.8320737170613915,0.083,0.32536000000000004,-0.1631,0.1631,1.319,0.084,0.33,-0.14,0.19
448,100,1.299982248359358,0.8246491095918,0.082,0.32144,-0.1616,0.1616,1.299,0.083,0.32,-0.14,0.18
449,100,1.2469604084642654,0.4744362335684669,0.047,0.18424,-0.093,0.093,1.247,0.047,0.19,-0.09,0.1
450,100,1.324058656886894,0.8347866033441567,0.083,0.32536000000000004,-0.1636,0.1636,1.324,0.084,0.33,-0.14,0.18
451,100,1.291697977111896,0.8133365453027642,0.081,0.31752,-0.1594,0.1594,1.291,0.081,0.31,-0.13,0.18
452,100,1.3125960131874743,0.8349201795167894,0.083,0.32536000000000004,-0.1636,0.1636,1.313,0.083,0.32,-0.14,0.18
453,100,1.315022420058667,0.8310932768005325,0.083,0.32536000000000004,-0.1629,0.1629,1.316,0.083,0.32,-0.14,0.18
454,100,1.3082007925106247,0.8298256964414716,0.083,0.32536000000000004,-0.1626,0.1626,1.309,0.083,0.32,-0.14,0.18
455,100,1.3082007925106252,0.8298256964414714,0.083,0.32536000000000004,-0.1626,0.1626,1.308,0.082,0.32,-0.14,0.18
456,100,1.278200792510625,0.8100634135826715,0.081,0.31752,-0.1588,0.1588,1.278,0.081,0.31,-0.13,0.18
457,100,1.324058656886894,0.8347866033441568,0.083,0.32536000000000004,-0.1636,0.1636,1.323,0.083,0.32,-0.14,0.19
458,100,1.3282007925106252,0.8341958132082345,0.083,0.32536000000000004,-0.1635,0.1635,1.328,0.084,0.33,-0.14,0.19
459,100,1.320880284434936,0.8338316821703782,0.083,0.32536000000000004,-0.1634,0.1634,1.32,0.083,0.33,-0.14,0.19
460,100,1.292342928134356,0.8123113664729302,0.081,0.31752,-0.1592,0.1592,1.293,0.081,0.31,-0.13,0.18
461,100,1.3382007925106252,0.8361929435985067,0.084,0.32928,-0.1639,0.1639,1.337,0.083,0.32,-0.14,0.18
462,100,1.3282007925106247,0.8341958132082345,0.083,0.32536000000000004,-0.1635,0.1635,1.328,0.084,0.32,-0.14,0.19
463,100,1.2982007925106247,0.8152758443157663,0.082,0.32144,-0.1598,0.1598,1.298,0.081,0.31,-0.13,0.18
464,100,1.3282007925106252,0.8341958132082348,0.083,0.32536000000000004,-0.1635,0.1635,1.329,0.083,0.32,-0.14,0.19
465,100,1.319916521263163,0.8353564370354429,0.084,0.32928,-0.1637,0.1637,1.319,0.084,0.33,-0.14,0.19
466,100,1.3423429281343562,0.8355330414099036,0.084,0.32928,-0.1638,0.1638,1.343,0.084,0.33,-0.14,0.18
467,100,1.3182007925106252,0.8320737170613913,0.083,0.32536000000000004,-0.1631,0.1631,1.318,0.083,0.32,-0.14,0.18
468,100,1.3099822483593582,0.8270105857746692,0.083,0.32536000000000004,-0.1621,0.1621,1.31,0.083,0.32,-0.14,0.18
469,100,1.3282007925106247,0.8341958132082345,0.083,0.32536000000000004,-0.1635,0.1635,1.33,0.084,0.33,-0.14,0.19
470,100,1.312342928134356,0.8171634102037029,0.082,0.32144,-0.1602,0.1602,1.313,0.083,0.32,-0.13,0.18
471,100,1.3223429281343562,0.8315101805829305,0.083,0.32536000000000004,-0.163,0.163,1.321,0.084,0.33,-0.14,0.19
472,100,1.288200792510625,0.8127353309503642,0.081,0.31752,-0.1593,0.1593,1.288,0.082,0.31,-0.13,0.18
473,100,1.322342928134356,0.8193956189857605,0.082,0.32144,-0.1606,0.1606,1.322,0.082,0.32,-0.13,0.18
474,100,1.3267381488112053,0.836520104055495,0.084,0.32928,-0.164,0.164,1.327,0.083,0.32,-0.14,0.18
475,100,1.332342928134356,0.8335840220699833,0.083,0.32536000000000004,-0.1634,0.1634,1.332,0.084,0.33,-0.14,0.19
476,100,1.320880284434936,0.8338316821703781,0.083,0.32536000000000004,-0.1634,0.1634,1.321,0.083,0.33,-0.14,0.19
477,100,1.3282007925106252,0.8341958132082347,0.083,0.32536000000000004,-0.1635,0.1635,1.328,0.084,0.32,-0.14,0.19
478,100,1.2469604084642651,0.4744362335684669,0.047,0.18424,-0.093,0.093,1.246,0.047,0.18,-0.09,0.1
479,100,1.3058401127356267,0.8153414008687433,0.082,0.32144,-0.1598,0.1598,1.307,0.082,0.32,-0.13,0.18
480,100,1.2982007925106251,0.8152758443157662,0.082,0.32144,-0.1598,0.1598,1.299,0.081,0.31,-0.13,0.18
481,100,1.306738148811205,0.8321270398451577,0.083,0.32536000000000004,-0.1631,0.1631,1.306,0.082,0.32,-0.14,0.18
482,100,1.3182007925106252,0.8320737170613914,0.083,0.32536000000000004,-0.1631,0.1631,1.318,0.083,0.32,-0.14,0.18
483,100,1.3282007925106247,0.8341958132082345,0.083,0.32536000000000004,-0.1635,0.1635,1.328,0.083,0.32,-0.14,0.18
484,100,1.3258401127356267,0.8319543229415782,0.083,0.32536000000000004,-0.1631,0.1631,1.326,0.083,0.32,-0.14,0.18
485,100,1.302342928134356,0.8148023671654568,0.081,0.31752,-0.1597,0.1597,1.302,0.081,0.31,-0.13,0.18
486,100,1.294058656886894,0.8278962450307938,0.083,0.32536000000000004,-0.1623,0.1623,1.294,0.082,0.32,-0.14,0.18
487,100,1.3323429281343555,0.8335840220699833,0.083,0.32536000000000004,-0.1634,0.1634,1.333,0.083,0.32,-0.14,0.18
488,100,1.332342928134356,0.8335840220699833,0.083,0.32536000000000004,-0.1634,0.1634,1.332,0.084,0.33,-0.14,0.18
489,100,1.2411025440879961,0.44683830974783656,0.045,0.1764,-0.0876,0.0876,1.241,0.045,0.17,-0.08,0.09
490,100,1.3182007925106252,0.8320737170613914,0.083,0.32536000000000004,-0.1631,0.1631,1.319,0.084,0.32,-0.14,0.19
491,100,1.334058656886894,0.8368318229997809,0.084,0.32928,-0.164,0.164,1.334,0.083,0.32,-0.14,0.18
492,100,1.312342928134356,0.8293105805280341,0.083,0.32536000000000004,-0.1625,0.1625,1.312,0.082,0.32,-0.14,0.18
493,100,1.3082007925106247,0.8176861784783777,0.082,0.32144,-0.1603,0.1603,1.308,0.081,0.31,-0.13,0.18
494,100,1.3123429281343555,0.8171634102037029,0.082,0.32144,-0.1602,0.1602,1.312,0.081,0.31,-0.13,0.18
495,100,1.320880284434936,0.8338316821703782,0.083,0.32536000000000004,-0.1634,0.1634,1.321,0.084,0.33,-0.14,0.19
496,100,1.334058656886894,0.8368318229997809,0.084,0.32928,-0.164,0.164,1.333,0.084,0.33,-0.14,0.19
497,100,1.324058656886894,0.8347866033441568,0.083,0.32536000000000004,-0.1636,0.1636,1.325,0.083,0.32,-0.14,0.18
498,100,1.2369604084642654,0.4471341497715402,0.045,0.1764,-0.0876,0.0876,1.237,0.045,0.18,-0.08,0.09
499,100,1.3282007925106252,0.8341958132082348,0.083,0.32536000000000004,-0.1635,0.1635,1.328,0.084,0.32,-0.14,0.19
500,110,1.3112208437585056,0.8027055889487735,0.077,0.30184,-0.15,0.15,1.311,0.076,0.29,-0.13,0.16
501,110,1.3112208437585053,0.8027055889487734,0.077,0.30184,-0.15,0.15,1.311,0.078,0.31,-0.13,0.17
502,110,1.3112208437585053,0.8027055889487734,0.077,0.30184,-0.15,0.15,1.311,0.077,0.3,-0.13,0.17
503,110,1.3112208437585053,0.8027055889487734,0.077,0.30184,-0.15,0.15,1.311,0.077,0.3,-0.13,0.17
504,110,1.3112208437585053,0.8027055889487733,0.077,0.30184,-0.15,0.15,1.312,0.076,0.3,-0.13,0.17
505,110,1.3112208437585053,0.8027055889487734,0.077,0.30184,-0.15,0.15,1.311,0.076,0.3,-0.13,0.17
506,110,1.3112208437585053,0.8027055889487733,0.077,0.30184,-0.15,0.15,1.311,0.077,0.3,-0.13,0.17
507,110,1.3112208437585053,0.8027055889487734,0.077,0.30184,-0.15,0.15,1.311,0.077,0.3,-0.13,0.17
508,110,1.3112208437585053,0.8027055889487734,0.077,0.30184,-0.15,0.15,1.31,0.077,0.3,-0.13,0.17
509,110,1.3112208437585053,0.8027055889487734,0.077,0.30184,-0.15,0.15,1.311,0.078,0.3,-0.13,0.17
510,110,1.3112208437585056,0.8027055889487734,0.077,0.30184,-0.15,0.15,1.311,0.076,0.3,-0.13,0.17
511,110,1.3112208437585053,0.8027055889487733,0.077,0.30184,-0.15,0.15,1.311,0.077,0.3,-0.13,0.17
512,110,1.3112208437585053,0.8027055889487734,0.077,0.30184,-0.15,0.15,1.312,0.078,0.31,-0.13,0.17
513,110,1.3112208437585056,0.8027055889487735,0.077,0.30184,-0.15,0.15,1.309,0.075,0.29,-0.13,0.17
514,110,1.3112208437585053,0.8027055889487733,0.077,0.30184,-0.15,0.15,1.312,0.077,0.3,-0.13,0.17
515,110,1.3112208437585051,0.8027055889487733,0.077,0.30184,-0.15,0.15,1.311,0.077,0.31,-0.13,0.18
516,110,1.3112208437585053,0.8027055889487733,0.077,0.30184,-0.15,0.15,1.311,0.077,0.3,-0.13,0.17
517,110,1.3112208437585053,0.8027055889487734,0.077,0.30184,-0.15,0.15,1.311,0.077,0.3,-0.13,0.17
518,110,1.3112208437585053,0.8027055889487733,0.077,0.30184,-0.15,0.15,1.311,0.077,0.3,-0.13,0.17
519,110,1.3112208437585053,0.8027055889487734,0.077,0.30184,-0.15,0.15,1.312,0.077,0.3,-0.13,0.17
520,110,1.3112208437585053,0.8027055889487734,0.077,0.30184,-0.15,0.15,1.311,0.077,0.3,-0.13,0.17
521,110,1.3112208437585053,0.8027055889487734,0.077,0.30184,-0.15,0.15,1.311,0.077,0.3,-0.13,0.17
522,110,1.3112208437585056,0.8027055889487734,0.077,0.30184,-0.15,0.15,1.312,0.077,0.3,-0.13,0.17
523,110,1.3112208437585053,0.8027055889487735,0.077,0.30184,-0.15,0.15,1.31,0.076,0.3,-0.13,0.17
524,110,1.3112208437585053,0.8027055889487734,0.077,0.30184,-0.15,0.15,1.312,0.076,0.3,-0.13,0.17
525,110,1.3112208437585053,0.8027055889487734,0.077,0.30184,-0.15,0.15,1.311,0.077,0.3,-0.13,0.17
526,110,1.3112208437585053,0.8027055889487733,0.077,0.30184,-0.15,0.15,1.312,0.077,0.3,-0.13,0.17
527,110,1.3112208437585056,0.8027055889487735,0.077,0.30184,-0.15,0.15,1.312,0.077,0.3,-0.13,0.17
528,110,1.3112208437585051,0.8027055889487733,0.077,0.30184,-0.15,0.15,1.312,0.076,0.3,-0.13,0.17
529,110,1.3112208437585051,0.8027055889487734,0.077,0.30184,-0.15,0.15,1.311,0.077,0.3,-0.13,0.17
530,110,1.3112208437585056,0.8027055889487734,0.077,0.30184,-0.15,0.15,1.312,0.077,0.3,-0.13,0.17
531,110,1.3112208437585051,0.8027055889487733,0.077,0.30184,-0.15,0.15,1.311,0.076,0.3,-0.13,0.17
532,110,1.3112208437585056,0.8027055889487734,0.077,0.30184,-0.15,0.15,1.312,0.077,0.3,-0.13,0.17
533,110,1.3112208437585053,0.8027055889487734,0.077,0.30184,-0.15,0.15,1.31,0.076,0.3,-0.13,0.17
534,110,1.3112208437585056,0.8027055889487735,0.077,0.30184,-0.15,0.15,1.312,0.077,0.3,-0.13,0.17
535,110,1.3112208437585053,0.8027055889487733,0.077,0.30184,-0.15,0.15,1.311,0.077,0.3,-0.13,0.17
536,110,1.3112208437585051,0.8027055889487734,0.077,0.30184,-0.15,0.15,1.311,0.076,0.3,-0.13,0.17
537,110,1.3112208437585056,0.8027055889487734,0.077,0.30184,-0.15,0.15,1.31,0.077,0.3,-0.13,0.17
538,110,1.3112208437585053,0.8027055889487734,0.077,0.30184,-0.15,0.15,1.311,0.077,0.3,-0.13,0.17
539,110,1.3112208437585056,0.8027055889487735,0.077,0.30184,-0.15,0.15,1.311,0.077,0.3,-0.13,0.17
540,110,1.3112208437585053,0.8027055889487733,0.077,0.30184,-0.15,0.15,1.311,0.076,0.3,-0.13,0.17
541,110,1.3112208437585056,0.8027055889487735,0.077,0.30184,-0.15,0.15,1.309,0.076,0.3,-0.13,0.17
542,110,1.3112208437585051,0.8027055889487733,0.077,0.30184,-0.15,0.15,1.311,0.076,0.3,-0.13,0.17
543,110,1.3112208437585053,0.8027055889487734,0.077,0.30184,-0.15,0.15,1.311,0.076,0.29,-0.13,0.17
544,110,1.3112208437585053,0.8027055889487734,0.077,0.30184,-0.15,0.15,1.311,0.077,0.3,-0.13,0.17
545,110,1.3112208437585053,0.8027055889487733,0.077,0.30184,-0.15,0.15,1.311,0.077,0.3,-0.13,0.17
546,110,1.3112208437585053,0.8027055889487734,0.077,0.30184,-0.15,0.15,1.312,0.076,0.3,-0.13,0.17
547,110,1.3112208437585053,0.8027055889487733,0.077,0.30184,-0.15,0.15,1.31,0.077,0.3,-0.13,0.17
548,110,1.3112208437585053,0.8027055889487734,0.077,0.30184,-0.15,0.15,1.312,0.077,0.3,-0.13,0.17
549,110,1.3112208437585053,0.8027055889487734,0.077,0.30184,-0.15,0.15,1.311,0.077,0.3,-0.13,0.17
550,110,1.3112208437585056,0.8027055889487735,0.077,0.30184,-0.15,0.15,1.312,0.076,0.3,-0.13,0.17
551,110,1.3112208437585053,0.8027055889487733,0.077,0.30184,-0.15,0.15,1.31,0.077,0.3,-0.13,0.17
552,110,1.3112208437585056,0.8027055889487735,0.077,0.30184,-0.15,0.15,1.312,0.077,0.3,-0.13,0.17
553,110,1.3112208437585053,0.8027055889487734,0.077,0.30184,-0.15,0.15,1.312,0.076,0.3,-0.13,0.17
554,110,1.3112208437585053,0.8027055889487733,0.077,0.30184,-0.15,0.15,1.311,0.076,0.3,-0.13,0.17
555,110,1.3112208437585053,0.8027055889487733,0.077,0.30184,-0.15,0.15,1.31,0.076,0.3,-0.13,0.17
556,110,1.3112208437585053,0.8027055889487734,0.077,0.30184,-0.15,0.15,1.311,0.077,0.3,-0.13,0.17
557,110,1.3112208437585053,0.8027055889487734,0.077,0.30184,-0.15,0.15,1.311,0.076,0.3,-0.13,0.17
558,110,1.3112208437585056,0.8027055889487735,0.077,0.30184,-0.15,0.15,1.311,0.075,0.29,-0.13,0.16
559,110,1.3112208437585053,0.8027055889487733,0.077,0.30184,-0.15,0.15,1.312,0.077,0.3,-0.13,0.17
560,110,1.3112208437585056,0.8027055889487735,0.077,0.30184,-0.15,0.15,1.31,0.077,0.3,-0.13,0.17
561,110,1.3112208437585053,0.8027055889487735,0.077,0.30184,-0.15,0.15,1.31,0.077,0.3,-0.13,0.17
562,110,1.3112208437585053,0.8027055889487733,0.077,0.30184,-0.15,0.15,1.311,0.076,0.3,-0.13,0.17
563,110,1.3112208437585056,0.8027055889487735,0.077,0.30184,-0.15,0.15,1.311,0.077,0.3,-0.13,0.17
564,110,1.3112208437585053,0.8027055889487734,0.077,0.30184,-0.15,0.15,1.311,0.076,0.3,-0.13,0.17
565,110,1.3112208437585051,0.8027055889487734,0.077,0.30184,-0.15,0.15,1.31,0.076,0.3,-0.13,0.17
566,110,1.3112208437585056,0.8027055889487735,0.077,0.30184,-0.15,0.15,1.312,0.076,0.3,-0.13,0.17
567,110,1.3112208437585053,0.8027055889487733,0.077,0.30184,-0.15,0.15,1.311,0.076,0.3,-0.13,0.17
568,110,1.3112208437585053,0.8027055889487734,0.077,0.30184,-0.15,0.15,1.312,0.076,0.29,-0.13,0.17
569,110,1.3112208437585051,0.8027055889487734,0.077,0.30184,-0.15,0.15,1.311,0.076,0.3,-0.13,0.17
570,110,1.3112208437585056,0.8027055889487733,0.077,0.30184,-0.15,0.15,1.311,0.076,0.3,-0.13,0.17
571,110,1.3112208437585056,0.8027055889487735,0.077,0.30184,-0.15,0.15,1.311,0.077,0.3,-0.13,0.17
572,110,1.3112208437585053,0.8027055889487734,0.077,0.30184,-0.15,0.15,1.31,0.076,0.3,-0.13,0.17
573,110,1.3112208437585051,0.8027055889487733,0.077,0.30184,-0.15,0.15,1.311,0.076,0.3,-0.13,0.17
574,110,1.3112208437585051,0.8027055889487734,0.077,0.30184,-0.15,0.15,1.311,0.076,0.3,-0.13,0.17
575,110,1.3112208437585056,0.8027055889487735,0.077,0.30184,-0.15,0.15,1.311,0.076,0.3,-0.13,0.17
576,110,1.3112208437585051,0.8027055889487733,0.077,0.30184,-0.15,0.15,1.311,0.077,0.3,-0.13,0.17
577,110,1.3112208437585053,0.8027055889487734,0.077,0.30184,-0.15,0.15,1.312,0.077,0.3,-0.13,0.17
578,110,1.3112208437585053,0.8027055889487734,0.077,0.30184,-0.15,0.15,1.311,0.077,0.3,-0.13,0.17
579,110,1.3112208437585053,0.8027055889487734,0.077,0.30184,-0.15,0.15,1.312,0.077,0.3,-0.13,0.17
580,110,1.3112208437585056,0.8027055889487735,0.077,0.30184,-0.15,0.15,1.311,0.077,0.3,-0.13,0.17
581,110,1.3112208437585056,0.8027055889487735,0.077,0.30184,-0.15,0.15,1.312,0.078,0.31,-0.13,0.18
582,110,1.3112208437585053,0.8027055889487734,0.077,0.30184,-0.15,0.15,1.311,0.076,0.3,-0.13,0.17
583,110,1.3112208437585056,0.8027055889487735,0.077,0.30184,-0.15,0.15,1.31,0.076,0.3,-0.13,0.17
584,110,1.3112208437585053,0.8027055889487735,0.077,0.30184,-0.15,0.15,1.312,0.077,0.3,-0.13,0.17
585,110,1.3112208437585056,0.8027055889487734,0.077,0.30184,-0.15,0.15,1.311,0.077,0.3,-0.13,0.17
586,110,1.3112208437585051,0.8027055889487733,0.077,0.30184,-0.15,0.15,1.311,0.075,0.3,-0.13,0.17
587,110,1.3112208437585053,0.8027055889487733,0.077,0.30184,-0.15,0.15,1.311,0.076,0.3,-0.13,0.17
588,110,1.3112208437585056,0.8027055889487734,0.077,0.30184,-0.15,0.15,1.312,0.077,0.3,-0.13,0.17
589,110,1.3112208437585051,0.8027055889487734,0.077,0.30184,-0.15,0.15,1.311,0.076,0.29,-0.13,0.17
590,110,1.3112208437585053,0.8027055889487734,0.077,0.30184,-0.15,0.15,1.311,0.077,0.3,-0.13,0.17
591,110,1.3112208437585053,0.8027055889487734,0.077,0.30184,-0.15,0.15,1.311,0.077,0.3,-0.13,0.17
592,110,1.3112208437585053,0.8027055889487733,0.077,0.30184,-0.15,0.15,1.311,0.077,0.3,-0.13,0.17
593,110,1.3112208437585053,0.8027055889487733,0.077,0.30184,-0.15,0.15,1.312,0.076,0.29,-0.13,0.17
594,110,1.3112208437585056,0.8027055889487735,0.077,0.30184,-0.15,0.15,1.311,0.076,0.3,-0.13,0.17
595,110,1.3112208437585051,0.8027055889487734,0.077,0.30184,-0.15,0.15,1.311,0.077,0.3,-0.13,0.17
596,110,1.3112208437585056,0.8027055889487734,0.077,0.30184,-0.15,0.15,1.311,0.077,0.3,-0.13,0.17
597,110,1.3112208437585053,0.8027055889487733,0.077,0.30184,-0.15,0.15,1.312,0.076,0.3,-0.13,0.17
598,110,1.3112208437585053,0.8027055889487733,0.077,0.30184,-0.15,0.15,1.312,0.077,0.3,-0.13,0.17
599,110,1.3112208437585053,0.8027055889487734,0.077,0.30184,-0.15,0.15,1.312,0.077,0.3,-0.13,0.17
